Workbook

Sheet Fatture
A1: NumeroFattura | B1: IdCliente | C1: DataFattura | D1: CodiceProdotto | E1: Categoria | F1: Spesa | G1: Commissioni | H1: Percentuale | J1: {=_xlfn.GROUPBY(E1:E105,F1:F105,_xleta.SUM,3,0)} -> Categoria | K1: Spesa
A2: 1 | B2: 2 | C2: 42012 | D2: 001-SFT-001 | E2: Software | F2: 35 | G2: 1.35 | H2: 0.07 | J2: Hardware | K2: 2190.46
A3: 2 | B3: 2 | C3: 42012 | D3: 001-CDC-001 | E3: Hardware | F3: 25.17 | G3: 3.21 | H3: 0.16 | J3: Software | K3: 1630.86
A4: 3 | B4: 5 | C4: 42038 | D4: 001-SFT-001 | E4: Software | F4: 38.14 | G4: 2.41 | H4: 0.2
A5: 4 | B5: 4 | C5: 42066 | D5: 001-SFT-001 | E5: Hardware | F5: 39.14 | G5: 2.15 | H5: 0.46
A6: 5 | B6: 6 | C6: 42467 | D6: 001-CDC-001 | E6: Software | F6: 55.14 | G6: 2.32 | H6: 0.66
A7: 6 | B7: 3 | C7: 42491 | D7: 001-ABC-003 | E7: Hardware | F7: 22.32 | G7: 2.05 | H7: 0.57 | J7: {=_xlfn.GROUPBY(D1:E105,F1:F105,_xlfn.HSTACK(_xleta.SUM,_xleta.AVERAGE),3,0,{1,2})} | L7: SOMMA | M7: MEDIA
A8: 7 | B8: 6 | C8: 42583 | D8: 001-CDC-001 | E8: Hardware | F8: 21.32 | G8: 3.21 | H8: 0.18 | J8: CodiceProdotto | K8: Categoria | L8: Spesa | M8: Spesa
A9: 8 | B9: 5 | C9: 42654 | D9: 001-SFT-001 | E9: Software | F9: 22.32 | G9: 4.23 | H9: 0.26 | J9: 001-ABC-003 | K9: Hardware | L9: 644.86 | M9: 40.30375
A10: 9 | B10: 6 | C10: 43019 | D10: 001-SFT-001 | E10: Software | F10: 72.32 | G10: 5.34 | H10: 0.37 | J10: 001-CDC-001 | K10: Hardware | L10: 771.69 | M10: 42.871667
A11: 10 | B11: 1 | C11: 43025 | D11: 001-CDC-001 | E11: Hardware | F11: 30.12 | G11: 2.7 | H11: 0.6 | J11: 001-CDC-001 | K11: Software | L11: 55.14 | M11: 55.14
A12: 11 | B12: 5 | C12: 43025 | D12: 001-CDC-002 | E12: Hardware | F12: 22.32 | G12: 1.23 | H12: 0.02 | J12: 001-CDC-002 | K12: Hardware | L12: 473.96 | M12: 39.496667
A13: 12 | B13: 4 | C13: 43080 | D13: 001-SFT-001 | E13: Software | F13: 38.14 | G13: 3.23 | H13: 0.01 | J13: 001-CDC-003 | K13: Hardware | L13: 260.81 | M13: 52.162
A14: 13 | B14: 2 | C14: 43451 | D14: 001-ABC-003 | E14: Hardware | F14: 38.14 | G14: 2.42 | H14: 0.21 | J14: 001-SFT-001 | K14: Hardware | L14: 39.14 | M14: 39.14
A15: 14 | B15: 5 | C15: 43451 | D15: 001-SFT-001 | E15: Software | F15: 38.14 | G15: 2.33 | H15: 0.38 | J15: 001-SFT-001 | K15: Software | L15: 1575.72 | M15: 30.896471
A16: 15 | B16: 3 | C16: 43468 | D16: 001-CDC-003 | E16: Hardware | F16: 92.32 | G16: 3.64 | H16: 0.99
A17: 16 | B17: 6 | C17: 43468 | D17: 001-SFT-001 | E17: Software | F17: 92.32 | G17: 4.12 | H17: 0.69
A18: 17 | B18: 6 | C18: 43499 | D18: 001-CDC-002 | E18: Hardware | F18: 50 | G18: 1.23 | H18: 0.92
A19: 18 | B19: 4 | C19: 43527 | D19: 001-ABC-003 | E19: Hardware | F19: 100 | G19: 5.23 | H19: 0.82 | J19: {=_xlfn.PIVOTBY(E1:E105,D1:D105,F1:F105,_xleta.SUM)} | K19: 001-ABC-003 | L19: 001-CDC-001 | M19: 001-CDC-002 | N19: 001-CDC-003 | O19: 001-SFT-001 | P19: Totale
A20: 19 | B20: 6 | C20: 43558 | D20: 001-CDC-002 | E20: Hardware | F20: 32.56 | G20: 3.21 | H20: 0.82 | J20: Hardware | K20: 644.86 | L20: 771.69 | M20: 473.96 | N20: 260.81 | O20: 39.14 | P20: 2190.46
A21: 20 | B21: 2 | C21: 43588 | D21: 001-SFT-001 | E21: Software | F21: 38.14 | G21: 2.41 | H21: 0.43 | J21: Software | L21: 55.14 | O21: 1575.72 | P21: 1630.86
A22: 21 | B22: 6 | C22: 43619 | D22: 001-SFT-001 | E22: Software | F22: 39.14 | G22: 2.15 | H22: 0.07 | J22: Totale | K22: 644.86 | L22: 826.83 | M22: 473.96 | N22: 260.81 | O22: 1614.86 | P22: 3821.32
A23: 22 | B23: 6 | C23: 43649 | D23: 001-CDC-003 | E23: Hardware | F23: 55.14 | G23: 2.32 | H23: 0.05
A24: 23 | B24: 1 | C24: 43680 | D24: 001-ABC-003 | E24: Hardware | F24: 22.32 | G24: 2.05 | H24: 0.39
A25: 24 | B25: 2 | C25: 43711 | D25: 001-ABC-003 | E25: Hardware | F25: 21.32 | G25: 3.21 | H25: 0.74
A26: 25 | B26: 3 | C26: 43741 | D26: 001-SFT-001 | E26: Software | F26: 22.32 | G26: 4.23 | H26: 0.85
A27: 26 | B27: 1 | C27: 43772 | D27: 001-SFT-001 | E27: Software | F27: 72.32 | G27: 5.34 | H27: 0.59
A28: 27 | B28: 4 | C28: 43802 | D28: 001-CDC-001 | E28: Hardware | F28: 30.12 | G28: 2.7 | H28: 0.53
A29: 28 | B29: 1 | C29: 43833 | D29: 001-CDC-002 | E29: Hardware | F29: 22.32 | G29: 1.23 | H29: 0.55
A30: 29 | B30: 2 | C30: 43864 | D30: 001-SFT-001 | E30: Software | F30: 38.14 | G30: 3.23 | H30: 0.51
A31: 30 | B31: 6 | C31: 43893 | D31: 001-CDC-001 | E31: Hardware | F31: 38.14 | G31: 2.42 | H31: 0.2
A32: 31 | B32: 2 | C32: 43924 | D32: 001-SFT-001 | E32: Software | F32: 38.14 | G32: 2.33 | H32: 0.14
A33: 32 | B33: 3 | C33: 43954 | D33: 001-ABC-003 | E33: Hardware | F33: 92.32 | G33: 3.64 | H33: 0.62
A34: 33 | B34: 3 | C34: 43985 | D34: 001-SFT-001 | E34: Software | F34: 92.32 | G34: 4.12 | H34: 0.58
... A105: 104 | B105: 4 | C105: 45568 | D105: 001-CDC-001 | E105: Hardware | F105: 92.32 | G105: 1.23 | H105: 0.75

Sheet Data Analysis
A1: NumeroFattura | B1: IdCliente | C1: DataFattura | D1: CodiceProdotto | E1: Categoria | F1: Spesa | G1: Commissioni | H1: Percentuale | J1: Le tre fatture con spesa più alta tra quelle relative a prodotti della categoria software
A2: 1 | B2: 2 | C2: 42012 | D2: 001-SFT-001 | E2: Software | F2: 35 | G2: 1.35 | H2: 0.07
A3: 2 | B3: 2 | C3: 42012 | D3: 001-CDC-001 | E3: Hardware | F3: 25.17 | G3: 3.21 | H3: 0.16 | J3: NumeroFattura | K3: IdCliente | L3: DataFattura | M3: CodiceProdotto | N3: Categoria | O3: Spesa | P3: Commissioni | Q3: Percentuale | S3: NumeroFattura | T3: IdCliente | U3: DataFattura | V3: CodiceProdotto | W3: Categoria | X3: Spesa | Y3: Commissioni | Z3: Percentuale | AB3: NumeroFattura | AC3: IdCliente | AD3: DataFattura | AE3: CodiceProdotto | AF3: Categoria | AG3: Spesa | AH3: Commissioni | AI3: Percentuale
A4: 3 | B4: 5 | C4: 42038 | D4: 001-SFT-001 | E4: Software | F4: 38.14 | G4: 2.41 | H4: 0.2 | J4: {=_xlfn._xlws.FILTER(A2:H105,(E2:E105="Software"),"righe non presenti")} -> 1 | K4: 2 | L4: 42012 | M4: 001-SFT-001 | N4: Software | O4: 35 | P4: 1.35 | Q4: 0.07 | S4: {=_xlfn._xlws.SORT(_xlfn.ANCHORARRAY(J4),6,-1)} -> 71 | T4: 2 | U4: 45141 | V4: 001-SFT-001 | W4: Software | X4: 100 | Y4: 2.32 | Z4: 0.32 | AB4: {=_xlfn.CHOOSEROWS(_xlfn.ANCHORARRAY(S4),1,2,3)} -> 71 | AC4: 2 | AD4: 45141 | AE4: 001-SFT-001 | AF4: Software | AG4: 100 | AH4: 2.32 | AI4: 0.32
A5: 4 | B5: 4 | C5: 42066 | D5: 001-SFT-001 | E5: Hardware | F5: 39.14 | G5: 2.15 | H5: 0.46 | J5: 3 | K5: 5 | L5: 42038 | M5: 001-SFT-001 | N5: Software | O5: 38.14 | P5: 2.41 | Q5: 0.2 | S5: 16 | T5: 6 | U5: 43468 | V5: 001-SFT-001 | W5: Software | X5: 92.32 | Y5: 4.12 | Z5: 0.69 | AB5: 16 | AC5: 6 | AD5: 43468 | AE5: 001-SFT-001 | AF5: Software | AG5: 92.32 | AH5: 4.12 | AI5: 0.69
A6: 5 | B6: 6 | C6: 42467 | D6: 001-CDC-001 | E6: Software | F6: 55.14 | G6: 2.32 | H6: 0.66 | J6: 5 | K6: 6 | L6: 42467 | M6: 001-CDC-001 | N6: Software | O6: 55.14 | P6: 2.32 | Q6: 0.66 | S6: 33 | T6: 3 | U6: 43985 | V6: 001-SFT-001 | W6: Software | X6: 92.32 | Y6: 4.12 | Z6: 0.58 | AB6: 33 | AC6: 3 | AD6: 43985 | AE6: 001-SFT-001 | AF6: Software | AG6: 92.32 | AH6: 4.12 | AI6: 0.58
A7: 6 | B7: 3 | C7: 42491 | D7: 001-ABC-003 | E7: Hardware | F7: 22.32 | G7: 2.05 | H7: 0.57 | J7: 8 | K7: 5 | L7: 42654 | M7: 001-SFT-001 | N7: Software | O7: 22.32 | P7: 4.23 | Q7: 0.26 | S7: 50 | T7: 5 | U7: 44503 | V7: 001-SFT-001 | W7: Software | X7: 92.32 | Y7: 4.12 | Z7: 0.59
A8: 7 | B8: 6 | C8: 42583 | D8: 001-CDC-001 | E8: Hardware | F8: 21.32 | G8: 3.21 | H8: 0.18 | J8: 9 | K8: 6 | L8: 43019 | M8: 001-SFT-001 | N8: Software | O8: 72.32 | P8: 5.34 | Q8: 0.37 | S8: 68 | T8: 2 | U8: 45049 | V8: 001-SFT-001 | W8: Software | X8: 92.32 | Y8: 1.23 | Z8: 0.46
A9: 8 | B9: 5 | C9: 42654 | D9: 001-SFT-001 | E9: Software | F9: 22.32 | G9: 4.23 | H9: 0.26 | J9: 12 | K9: 4 | L9: 43080 | M9: 001-SFT-001 | N9: Software | O9: 38.14 | P9: 3.23 | Q9: 0.01 | S9: 9 | T9: 6 | U9: 43019 | V9: 001-SFT-001 | W9: Software | X9: 72.32 | Y9: 5.34 | Z9: 0.37
A10: 9 | B10: 6 | C10: 43019 | D10: 001-SFT-001 | E10: Software | F10: 72.32 | G10: 5.34 | H10: 0.37 | J10: 14 | K10: 5 | L10: 43451 | M10: 001-SFT-001 | N10: Software | O10: 38.14 | P10: 2.33 | Q10: 0.38 | S10: 26 | T10: 1 | U10: 43772 | V10: 001-SFT-001 | W10: Software | X10: 72.32 | Y10: 5.34 | Z10: 0.59
A11: 10 | B11: 1 | C11: 43025 | D11: 001-CDC-001 | E11: Hardware | F11: 30.12 | G11: 2.7 | H11: 0.6 | J11: 16 | K11: 6 | L11: 43468 | M11: 001-SFT-001 | N11: Software | O11: 92.32 | P11: 4.12 | Q11: 0.69 | S11: 43 | T11: 5 | U11: 44289 | V11: 001-SFT-001 | W11: Software | X11: 72.32 | Y11: 5.34 | Z11: 0.19
A12: 11 | B12: 5 | C12: 43025 | D12: 001-CDC-002 | E12: Hardware | F12: 22.32 | G12: 1.23 | H12: 0.02 | J12: 20 | K12: 2 | L12: 43588 | M12: 001-SFT-001 | N12: Software | O12: 38.14 | P12: 2.41 | Q12: 0.43 | S12: 62 | T12: 3 | U12: 44868 | V12: 001-SFT-001 | W12: Software | X12: 72.32 | Y12: 0.58 | Z12: 0.4
A13: 12 | B13: 4 | C13: 43080 | D13: 001-SFT-001 | E13: Software | F13: 38.14 | G13: 3.23 | H13: 0.01 | J13: 21 | K13: 6 | L13: 43619 | M13: 001-SFT-001 | N13: Software | O13: 39.14 | P13: 2.15 | Q13: 0.07 | S13: 5 | T13: 6 | U13: 42467 | V13: 001-CDC-001 | W13: Software | X13: 55.14 | Y13: 2.32 | Z13: 0.66
A14: 13 | B14: 2 | C14: 43451 | D14: 001-ABC-003 | E14: Hardware | F14: 38.14 | G14: 2.42 | H14: 0.21 | J14: 25 | K14: 3 | L14: 43741 | M14: 001-SFT-001 | N14: Software | O14: 22.32 | P14: 4.23 | Q14: 0.85 | S14: 21 | T14: 6 | U14: 43619 | V14: 001-SFT-001 | W14: Software | X14: 39.14 | Y14: 2.15 | Z14: 0.07
A15: 14 | B15: 5 | C15: 43451 | D15: 001-SFT-001 | E15: Software | F15: 38.14 | G15: 2.33 | H15: 0.38 | J15: 26 | K15: 1 | L15: 43772 | M15: 001-SFT-001 | N15: Software | O15: 72.32 | P15: 5.34 | Q15: 0.59 | S15: 38 | T15: 3 | U15: 44138 | V15: 001-SFT-001 | W15: Software | X15: 39.14 | Y15: 2.15 | Z15: 0.95
A16: 15 | B16: 3 | C16: 43468 | D16: 001-CDC-003 | E16: Hardware | F16: 92.32 | G16: 3.64 | H16: 0.99 | J16: 29 | K16: 2 | L16: 43864 | M16: 001-SFT-001 | N16: Software | O16: 38.14 | P16: 3.23 | Q16: 0.51 | S16: 74 | T16: 5 | U16: 45233 | V16: 001-SFT-001 | W16: Software | X16: 39.14 | Y16: 4.23 | Z16: 0.44
A17: 16 | B17: 6 | C17: 43468 | D17: 001-SFT-001 | E17: Software | F17: 92.32 | G17: 4.12 | H17: 0.69 | J17: 31 | K17: 2 | L17: 43924 | M17: 001-SFT-001 | N17: Software | O17: 38.14 | P17: 2.33 | Q17: 0.14 | S17: 3 | T17: 5 | U17: 42038 | V17: 001-SFT-001 | W17: Software | X17: 38.14 | Y17: 2.41 | Z17: 0.2
A18: 17 | B18: 6 | C18: 43499 | D18: 001-CDC-002 | E18: Hardware | F18: 50 | G18: 1.23 | H18: 0.92 | J18: 33 | K18: 3 | L18: 43985 | M18: 001-SFT-001 | N18: Software | O18: 92.32 | P18: 4.12 | Q18: 0.58 | S18: 12 | T18: 4 | U18: 43080 | V18: 001-SFT-001 | W18: Software | X18: 38.14 | Y18: 3.23 | Z18: 0.01
... A55: 54 | B55: 4 | C55: 44623 | D55: 001-ABC-003 | E55: Hardware | F55: 10 | G55: 2.7 | H55: 0.8 | J55: 102 | K55: 6 | L55: 45507 | M55: 001-SFT-001 | N55: Software | O55: 38.14 | P55: 1.23 | Q55: 0.4 | S55: 93 | T55: 1 | U55: 45252 | V55: 001-SFT-001 | W55: Software | X55: 2.12 | Y55: 0 | Z55: 0.76
A56: 55 | B56: 6 | C56: 44654 | D56: 001-CDC-002 | E56: Hardware | F56: 32.56 | G56: 1.23 | H56: 0.49
A57: 56 | B57: 4 | C57: 44684 | D57: 001-SFT-001 | E57: Software | F57: 38.14 | G57: 3.23 | H57: 0.79
A58: 57 | B58: 6 | C58: 44715 | D58: 001-CDC-001 | E58: Hardware | F58: 39.14 | G58: 2.42 | H58: 0.9
A59: 58 | B59: 5 | C59: 44745 | D59: 001-CDC-002 | E59: Hardware | F59: 55.14 | G59: 2.33 | H59: 0.94
A60: 59 | B60: 1 | C60: 44776 | D60: 001-SFT-001 | E60: Software | F60: 22.32 | G60: 3.64 | H60: 0.51
A61: 60 | B61: 1 | C61: 44807 | D61: 001-ABC-003 | E61: Hardware | F61: 21.32 | G61: 4.12 | H61: 0.32
A62: 61 | B62: 2 | C62: 44837 | D62: 001-CDC-002 | E62: Hardware | F62: 22.32 | G62: 1.23 | H62: 0.05
A63: 62 | B63: 3 | C63: 44868 | D63: 001-SFT-001 | E63: Software | F63: 72.32 | G63: 0.58 | H63: 0.4
A64: 63 | B64: 5 | C64: 44898 | D64: 001-CDC-001 | E64: Hardware | F64: 30.12 | G64: 2.05 | H64: 0.91
A65: 64 | B65: 2 | C65: 44929 | D65: 001-CDC-001 | E65: Hardware | F65: 22.32 | G65: 3.21 | H65: 0.45
A66: 65 | B66: 2 | C66: 44960 | D66: 001-SFT-001 | E66: Software | F66: 38.14 | G66: 4.23 | H66: 0.57
A67: 66 | B67: 1 | C67: 44988 | D67: 001-ABC-003 | E67: Hardware | F67: 38.14 | G67: 5.34 | H67: 0.1
... A105: 104 | B105: 4 | C105: 45568 | D105: 001-CDC-001 | E105: Hardware | F105: 92.32 | G105: 1.23 | H105: 0.75

Sheet Let_Stack_vert
A1: NumeroFattura | B1: IdCliente | C1: DataFattura | D1: CodiceProdotto | E1: Categoria | F1: Spesa | G1: Commissioni | H1: Percentuale | K1: NumeroFattura
A2: 1 | C2: 42012 | D2: 001-SFT-001 | E2: Software | F2: 35 | G2: 1.35 | H2: 0.07 | K2: {=_xlfn.LET(_xlpm.dati_filtrati,_xlfn._xlws.FILTER(A2:H105,(E2:E105="Software"),"non presente"), _xlpm.dati_ordinati,_xlfn._xlws.SORT(_xlpm.dati_filtrati,6,-1), _xlpm.top,_xlfn.CHOOSEROWS(_xlpm.dati_ordinati,1,2,3), _xlpm.toptop,_xlfn.CHOOSECOLS(_xlpm.top,1), _xlpm.toptop )} -> 71
A3: 2 | B3: 2 | C3: 42012 | D3: 001-CDC-001 | E3: Hardware | F3: 25.17 | G3: 3.21 | H3: 0.16 | K3: 16
A4: 3 | B4: 5 | C4: 42038 | D4: 001-SFT-001 | E4: Software | F4: 38.14 | G4: 2.41 | H4: 0.2 | K4: 33
A5: 4 | B5: 4 | C5: 42066 | D5: 001-SFT-001 | E5: Hardware | F5: 39.14 | G5: 2.15 | H5: 0.46
A6: 5 | B6: 6 | C6: 42467 | D6: 001-CDC-001 | E6: Software | F6: 55.14 | G6: 2.32 | H6: 0.66
A7: 6 | B7: 3 | C7: 42491 | D7: 001-ABC-003 | E7: Hardware | F7: 22.32 | G7: 2.05 | H7: 0.57 | K7: {=IF(_xlfn.VSTACK(A2:H105,Fatture!A2:H105)="","",_xlfn.VSTACK(A2:H105,Fatture!A2:H105))} -> 1 | M7: 42012 | N7: 001-SFT-001 | O7: Software | P7: 35 | Q7: 1.35 | R7: 0.07
A8: 7 | B8: 6 | C8: 42583 | D8: 001-CDC-001 | E8: Hardware | F8: 21.32 | G8: 3.21 | H8: 0.18 | K8: 2 | L8: 2 | M8: 42012 | N8: 001-CDC-001 | O8: Hardware | P8: 25.17 | Q8: 3.21 | R8: 0.16
A9: 8 | B9: 5 | C9: 42654 | D9: 001-SFT-001 | E9: Software | F9: 22.32 | G9: 4.23 | H9: 0.26 | K9: 3 | L9: 5 | M9: 42038 | N9: 001-SFT-001 | O9: Software | P9: 38.14 | Q9: 2.41 | R9: 0.2
A10: 9 | B10: 6 | C10: 43019 | D10: 001-SFT-001 | E10: Software | F10: 72.32 | G10: 5.34 | H10: 0.37 | K10: 4 | L10: 4 | M10: 42066 | N10: 001-SFT-001 | O10: Hardware | P10: 39.14 | Q10: 2.15 | R10: 0.46
A11: 10 | B11: 1 | C11: 43025 | D11: 001-CDC-001 | E11: Hardware | F11: 30.12 | G11: 2.7 | H11: 0.6 | K11: 5 | L11: 6 | M11: 42467 | N11: 001-CDC-001 | O11: Software | P11: 55.14 | Q11: 2.32 | R11: 0.66
A12: 11 | B12: 5 | C12: 43025 | D12: 001-CDC-002 | E12: Hardware | F12: 22.32 | G12: 1.23 | H12: 0.02 | K12: 6 | L12: 3 | M12: 42491 | N12: 001-ABC-003 | O12: Hardware | P12: 22.32 | Q12: 2.05 | R12: 0.57
A13: 12 | B13: 4 | C13: 43080 | D13: 001-SFT-001 | E13: Software | F13: 38.14 | G13: 3.23 | H13: 0.01 | K13: 7 | L13: 6 | M13: 42583 | N13: 001-CDC-001 | O13: Hardware | P13: 21.32 | Q13: 3.21 | R13: 0.18
A14: 13 | B14: 2 | C14: 43451 | D14: 001-ABC-003 | E14: Hardware | F14: 38.14 | G14: 2.42 | H14: 0.21 | K14: 8 | L14: 5 | M14: 42654 | N14: 001-SFT-001 | O14: Software | P14: 22.32 | Q14: 4.23 | R14: 0.26
A15: 14 | B15: 5 | C15: 43451 | D15: 001-SFT-001 | E15: Software | F15: 38.14 | G15: 2.33 | H15: 0.38 | K15: 9 | L15: 6 | M15: 43019 | N15: 001-SFT-001 | O15: Software | P15: 72.32 | Q15: 5.34 | R15: 0.37
A16: 15 | B16: 3 | C16: 43468 | D16: 001-CDC-003 | E16: Hardware | F16: 92.32 | G16: 3.64 | H16: 0.99 | K16: 10 | L16: 1 | M16: 43025 | N16: 001-CDC-001 | O16: Hardware | P16: 30.12 | Q16: 2.7 | R16: 0.6
A17: 16 | B17: 6 | C17: 43468 | D17: 001-SFT-001 | E17: Software | F17: 92.32 | G17: 4.12 | H17: 0.69 | K17: 11 | L17: 5 | M17: 43025 | N17: 001-CDC-002 | O17: Hardware | P17: 22.32 | Q17: 1.23 | R17: 0.02
A18: 17 | B18: 6 | C18: 43499 | D18: 001-CDC-002 | E18: Hardware | F18: 50 | G18: 1.23 | H18: 0.92 | K18: 12 | L18: 4 | M18: 43080 | N18: 001-SFT-001 | O18: Software | P18: 38.14 | Q18: 3.23 | R18: 0.01
A19: 18 | B19: 4 | C19: 43527 | D19: 001-ABC-003 | E19: Hardware | F19: 100 | G19: 5.23 | H19: 0.82 | K19: 13 | L19: 2 | M19: 43451 | N19: 001-ABC-003 | O19: Hardware | P19: 38.14 | Q19: 2.42 | R19: 0.21
... A105: 104 | B105: 4 | C105: 45568 | D105: 001-CDC-001 | E105: Hardware | F105: 92.32 | G105: 1.23 | H105: 0.75 | K105: 99 | L105: 5 | M105: 45415 | N105: 001-SFT-001 | O105: Software | P105: 30.12 | Q105: 2.33 | R105: 0.71
K106: 100 | L106: 5 | M106: 45446 | N106: 001-CDC-003 | O106: Hardware | P106: 22.32 | Q106: 3.64 | R106: 0.84
K107: 101 | L107: 6 | M107: 45476 | N107: 001-ABC-003 | O107: Hardware | P107: 38.14 | Q107: 4.12 | R107: 0.44
K108: 102 | L108: 6 | M108: 45507 | N108: 001-SFT-001 | O108: Software | P108: 38.14 | Q108: 1.23 | R108: 0.4
K109: 103 | L109: 3 | M109: 45538 | N109: 001-CDC-002 | O109: Hardware | P109: 38.14 | Q109: 1.23 | R109: 0.58
K110: 104 | L110: 4 | M110: 45568 | N110: 001-CDC-001 | O110: Hardware | P110: 92.32 | Q110: 1.23 | R110: 0.75
K111: 1 | L111: 2 | M111: 42012 | N111: 001-SFT-001 | O111: Software | P111: 35 | Q111: 1.35 | R111: 0.07
K112: 2 | L112: 2 | M112: 42012 | N112: 001-CDC-001 | O112: Hardware | P112: 25.17 | Q112: 3.21 | R112: 0.16
K113: 3 | L113: 5 | M113: 42038 | N113: 001-SFT-001 | O113: Software | P113: 38.14 | Q113: 2.41 | R113: 0.2
K114: 4 | L114: 4 | M114: 42066 | N114: 001-SFT-001 | O114: Hardware | P114: 39.14 | Q114: 2.15 | R114: 0.46
K115: 5 | L115: 6 | M115: 42467 | N115: 001-CDC-001 | O115: Software | P115: 55.14 | Q115: 2.32 | R115: 0.66
K116: 6 | L116: 3 | M116: 42491 | N116: 001-ABC-003 | O116: Hardware | P116: 22.32 | Q116: 2.05 | R116: 0.57
K117: 7 | L117: 6 | M117: 42583 | N117: 001-CDC-001 | O117: Hardware | P117: 21.32 | Q117: 3.21 | R117: 0.18
... K214: 104 | L214: 4 | M214: 45568 | N214: 001-CDC-001 | O214: Hardware | P214: 92.32 | Q214: 1.23 | R214: 0.75

Sheet Tabella
A1: NumeroFattura | B1: IdCliente | C1: DataFattura | D1: CodiceProdotto | E1: Categoria | F1: Spesa | G1: Commissioni | H1: Percentuale | I1: percentuale*2
A2: 1 | B2: 2 | C2: 42012 | D2: 001-SFT-001 | E2: Software | F2: 35 | G2: 1.35 | H2: 0.07 | I2: =Tabella!$H2*2 -> 0.14 | K2: {=_xlfn.GROUPBY(Tabella!$E$1:$E$106,Tabella!$F$1:$F$106,_xleta.SUM,3,0)} -> Categoria | L2: Spesa
A3: 2 | B3: 2 | C3: 42012 | D3: 001-CDC-001 | E3: Hardware | F3: 25.17 | G3: 3.21 | H3: 0.16 | I3: =Tabella!$H3*2 -> 0.32 | K3: Consulenza | L3: 190
A4: 3 | B4: 5 | C4: 42038 | D4: 001-SFT-001 | E4: Software | F4: 38.14 | G4: 2.41 | H4: 0.2 | I4: =Tabella!$H4*2 -> 0.4 | K4: Hardware | L4: 2190.46
A5: 4 | B5: 4 | C5: 42066 | D5: 001-SFT-001 | E5: Hardware | F5: 39.14 | G5: 2.15 | H5: 0.46 | I5: =Tabella!$H5*2 -> 0.92 | K5: Software | L5: 1630.86
A6: 5 | B6: 6 | C6: 42467 | D6: 001-CDC-001 | E6: Software | F6: 55.14 | G6: 2.32 | H6: 0.66 | I6: =Tabella!$H6*2 -> 1.32
A7: 6 | B7: 3 | C7: 42491 | D7: 001-ABC-003 | E7: Hardware | F7: 22.32 | G7: 2.05 | H7: 0.57 | I7: =Tabella!$H7*2 -> 1.14
A8: 7 | B8: 6 | C8: 42583 | D8: 001-CDC-001 | E8: Hardware | F8: 21.32 | G8: 3.21 | H8: 0.18 | I8: =Tabella!$H8*2 -> 0.36
A9: 8 | B9: 5 | C9: 42654 | D9: 001-SFT-001 | E9: Software | F9: 22.32 | G9: 4.23 | H9: 0.26 | I9: =Tabella!$H9*2 -> 0.52
A10: 9 | B10: 6 | C10: 43019 | D10: 001-SFT-001 | E10: Software | F10: 72.32 | G10: 5.34 | H10: 0.37 | I10: =Tabella!$H10*2 -> 0.74
A11: 10 | B11: 1 | C11: 43025 | D11: 001-CDC-001 | E11: Hardware | F11: 30.12 | G11: 2.7 | H11: 0.6 | I11: =Tabella!$H11*2 -> 1.2
A12: 11 | B12: 5 | C12: 43025 | D12: 001-CDC-002 | E12: Hardware | F12: 22.32 | G12: 1.23 | H12: 0.02 | I12: =Tabella!$H12*2 -> 0.04
A13: 12 | B13: 4 | C13: 43080 | D13: 001-SFT-001 | E13: Software | F13: 38.14 | G13: 3.23 | H13: 0.01 | I13: =Tabella!$H13*2 -> 0.02
A14: 13 | B14: 2 | C14: 43451 | D14: 001-ABC-003 | E14: Hardware | F14: 38.14 | G14: 2.42 | H14: 0.21 | I14: =Tabella!$H14*2 -> 0.42
A15: 14 | B15: 5 | C15: 43451 | D15: 001-SFT-001 | E15: Software | F15: 38.14 | G15: 2.33 | H15: 0.38 | I15: =Tabella!$H15*2 -> 0.76
A16: 15 | B16: 3 | C16: 43468 | D16: 001-CDC-003 | E16: Hardware | F16: 92.32 | G16: 3.64 | H16: 0.99 | I16: =Tabella!$H16*2 -> 1.98
A17: 16 | B17: 6 | C17: 43468 | D17: 001-SFT-001 | E17: Software | F17: 92.32 | G17: 4.12 | H17: 0.69 | I17: =Tabella!$H17*2 -> 1.38
... A105: 104 | B105: 4 | C105: 45568 | D105: 001-CDC-001 | E105: Hardware | F105: 92.32 | G105: 1.23 | H105: 0.75 | I105: =Tabella!$H105*2 -> 1.5
A106: 105 | E106: Consulenza | F106: 190 | I106: =Tabella!$H106*2 -> 0

Sheet Python
A1: NumeroFattura | B1: IdCliente | C1: DataFattura | D1: CodiceProdotto | E1: Categoria | F1: Spesa | G1: Commissioni | H1: Percentuale
A2: 1 | B2: 2 | C2: 42012 | D2: 001-SFT-001 | E2: Software | F2: 35 | G2: 1.35 | H2: 0.07 | L2: {=_xlfn._xlws.PY(0,0,A1:H105)} | M2: NumeroFattura
A3: 2 | B3: 2 | C3: 42012 | D3: 001-CDC-001 | E3: Hardware | F3: 25.17 | G3: 3.21 | H3: 0.16 | L3: 70 | M3: 71
A4: 3 | B4: 5 | C4: 42038 | D4: 001-SFT-001 | E4: Software | F4: 38.14 | G4: 2.41 | H4: 0.2 | L4: 32 | M4: 33
A5: 4 | B5: 4 | C5: 42066 | D5: 001-SFT-001 | E5: Hardware | F5: 39.14 | G5: 2.15 | H5: 0.46 | L5: 49 | M5: 50
A6: 5 | B6: 6 | C6: 42467 | D6: 001-CDC-001 | E6: Software | F6: 55.14 | G6: 2.32 | H6: 0.66
A7: 6 | B7: 3 | C7: 42491 | D7: 001-ABC-003 | E7: Hardware | F7: 22.32 | G7: 2.05 | H7: 0.57
A8: 7 | B8: 6 | C8: 42583 | D8: 001-CDC-001 | E8: Hardware | F8: 21.32 | G8: 3.21 | H8: 0.18
A9: 8 | B9: 5 | C9: 42654 | D9: 001-SFT-001 | E9: Software | F9: 22.32 | G9: 4.23 | H9: 0.26
A10: 9 | B10: 6 | C10: 43019 | D10: 001-SFT-001 | E10: Software | F10: 72.32 | G10: 5.34 | H10: 0.37 | M10: {=_xlfn._xlws.PY(1,0,A1:H105)} | N10: NumeroFattura | O10: IdCliente | P10: DataFattura | Q10: Spesa | R10: Commissioni | S10: Percentuale
A11: 10 | B11: 1 | C11: 43025 | D11: 001-CDC-001 | E11: Hardware | F11: 30.12 | G11: 2.7 | H11: 0.6 | M11: count | N11: 104 | O11: 104 | P11: 104 | Q11: 104 | R11: 104 | S11: 104
A12: 11 | B12: 5 | C12: 43025 | D12: 001-CDC-002 | E12: Hardware | F12: 22.32 | G12: 1.23 | H12: 0.02 | M12: mean | N12: 52.490385 | O12: 3.7211538 | P12: 44391.24 | Q12: 36.743462 | R12: 2.3203846 | S12: 0.51788462
A13: 12 | B13: 4 | C13: 43080 | D13: 001-SFT-001 | E13: Software | F13: 38.14 | G13: 3.23 | H13: 0.01 | M13: min | N13: 1 | O13: 1 | P13: 42012 | Q13: 2.12 | R13: 0 | S13: 0.01
A14: 13 | B14: 2 | C14: 43451 | D14: 001-ABC-003 | E14: Hardware | F14: 38.14 | G14: 2.42 | H14: 0.21 | M14: 25% | N14: 26.75 | O14: 2 | P14: 43794.5 | Q14: 22.07 | R14: 1.23 | S14: 0.335
A15: 14 | B15: 5 | C15: 43451 | D15: 001-SFT-001 | E15: Software | F15: 38.14 | G15: 2.33 | H15: 0.38 | M15: 50% | N15: 52.5 | O15: 4 | P15: 44579.5 | Q15: 35.445 | R15: 2.33 | S15: 0.515
A16: 15 | B16: 3 | C16: 43468 | D16: 001-CDC-003 | E16: Hardware | F16: 92.32 | G16: 3.64 | H16: 0.99 | M16: 75% | N16: 78.25 | O16: 5 | P16: 45237.25 | Q16: 41.855 | R16: 3.23 | S16: 0.7425
A17: 16 | B17: 6 | C17: 43468 | D17: 001-SFT-001 | E17: Software | F17: 92.32 | G17: 4.12 | H17: 0.69 | M17: max | N17: 104 | O17: 6 | P17: 45568 | Q17: 100 | R17: 5.34 | S17: 0.99
A18: 17 | B18: 6 | C18: 43499 | D18: 001-CDC-002 | E18: Hardware | F18: 50 | G18: 1.23 | H18: 0.92 | M18: std | N18: 30.168136 | O18: 1.8085919 | P18: #NUM! | Q18: 27.260621 | R18: 1.5649212 | S18: 0.26768941
A19: 18 | B19: 4 | C19: 43527 | D19: 001-ABC-003 | E19: Hardware | F19: 100 | G19: 5.23 | H19: 0.82
A20: 19 | B20: 6 | C20: 43558 | D20: 001-CDC-002 | E20: Hardware | F20: 32.56 | G20: 3.21 | H20: 0.82
A21: 20 | B21: 2 | C21: 43588 | D21: 001-SFT-001 | E21: Software | F21: 38.14 | G21: 2.41 | H21: 0.43
A22: 21 | B22: 6 | C22: 43619 | D22: 001-SFT-001 | E22: Software | F22: 39.14 | G22: 2.15 | H22: 0.07 | M22: {=_xlfn._xlws.PY(2,0,A1:H105)} -> #VALUE!
A23: 22 | B23: 6 | C23: 43649 | D23: 001-CDC-003 | E23: Hardware | F23: 55.14 | G23: 2.32 | H23: 0.05
A24: 23 | B24: 1 | C24: 43680 | D24: 001-ABC-003 | E24: Hardware | F24: 22.32 | G24: 2.05 | H24: 0.39
A25: 24 | B25: 2 | C25: 43711 | D25: 001-ABC-003 | E25: Hardware | F25: 21.32 | G25: 3.21 | H25: 0.74
A26: 25 | B26: 3 | C26: 43741 | D26: 001-SFT-001 | E26: Software | F26: 22.32 | G26: 4.23 | H26: 0.85
A27: 26 | B27: 1 | C27: 43772 | D27: 001-SFT-001 | E27: Software | F27: 72.32 | G27: 5.34 | H27: 0.59
A28: 27 | B28: 4 | C28: 43802 | D28: 001-CDC-001 | E28: Hardware | F28: 30.12 | G28: 2.7 | H28: 0.53
A29: 28 | B29: 1 | C29: 43833 | D29: 001-CDC-002 | E29: Hardware | F29: 22.32 | G29: 1.23 | H29: 0.55
A30: 29 | B30: 2 | C30: 43864 | D30: 001-SFT-001 | E30: Software | F30: 38.14 | G30: 3.23 | H30: 0.51
A31: 30 | B31: 6 | C31: 43893 | D31: 001-CDC-001 | E31: Hardware | F31: 38.14 | G31: 2.42 | H31: 0.2
A32: 31 | B32: 2 | C32: 43924 | D32: 001-SFT-001 | E32: Software | F32: 38.14 | G32: 2.33 | H32: 0.14
A33: 32 | B33: 3 | C33: 43954 | D33: 001-ABC-003 | E33: Hardware | F33: 92.32 | G33: 3.64 | H33: 0.62
A34: 33 | B34: 3 | C34: 43985 | D34: 001-SFT-001 | E34: Software | F34: 92.32 | G34: 4.12 | H34: 0.58
... A105: 104 | B105: 4 | C105: 45568 | D105: 001-CDC-001 | E105: Hardware | F105: 92.32 | G105: 1.23 | H105: 0.75

Sheet Clienti
A1: IdCliente | B1: Nome | C1: Regione
A2: 1 | B2: Nicola | C2: Molise
A3: 2 | B3: Francesco | C3: Lombardia
A4: 3 | B4: Maria | C4: Molise
A5: 4 | B5: Marco | C5: Piemonte
A6: 5 | B6: Franco | C6: Piemonte
A7: 6 | B7: Nicola | C7: Lombardia
